agent_id,condition,session_number,run_number,opp_score,response_length
Thoth,N,1,0,1.4000000000000001,768
Thoth,N,1,0,2.3000000000000003,789
Thoth,N,1,0,1.3,742
Thoth,N,1,0,1.7000000000000002,763
Thoth,N,1,0,2.1,741
Thoth,I,2,0,1.2,761
Thoth,I,2,0,3.0999999999999996,746
Thoth,I,2,0,1.3000000000000003,746
Thoth,I,2,0,1.8000000000000003,767
Thoth,I,2,0,1.5,744
Thoth,B,3,0,1.6000000000000003,821
Thoth,B,3,0,0.9000000000000001,783
Thoth,B,3,0,0.5,790
Thoth,B,3,0,0.8,762
Thoth,B,3,0,2.3000000000000003,781
Thoth,P,4,0,1.1,795
Thoth,P,4,0,2.9000000000000004,669
Thoth,P,4,0,1.0,854
Thoth,P,4,0,1.3,773
Thoth,P,4,0,1.9000000000000001,764
Thoth,S,5,0,1.3,809
Thoth,S,5,0,1.8000000000000003,748
Thoth,S,5,0,0.7000000000000001,776
Thoth,S,5,0,1.2,813
Thoth,S,5,0,1.5,743
Anubis,N,1,0,2.6,768
Anubis,N,1,0,2.5,735
Anubis,N,1,0,1.8000000000000003,793
Anubis,N,1,0,1.4000000000000001,735
Anubis,N,1,0,2.1,675
Anubis,I,2,0,0.6000000000000001,774
Anubis,I,2,0,3.2,766
Anubis,I,2,0,0.4,766
Anubis,I,2,0,1.7000000000000002,753
Anubis,I,2,0,1.2999999999999998,754
Anubis,B,3,0,1.4,750
Anubis,B,3,0,1.8,700
Anubis,B,3,0,1.6,786
Anubis,B,3,0,1.6,722
Anubis,B,3,0,1.9000000000000004,743
Anubis,P,4,0,1.0,764
Anubis,P,4,0,1.7999999999999998,765
Anubis,P,4,0,1.4000000000000001,782
Anubis,P,4,0,1.1,786
Anubis,P,4,0,1.5000000000000002,779
Anubis,S,5,0,2.7000000000000006,852
Anubis,S,5,0,3.8,777
Anubis,S,5,0,0.8,777
Anubis,S,5,0,1.9000000000000001,828
Anubis,S,5,0,2.8000000000000003,743
Maat,N,1,0,1.4,760
Maat,N,1,0,1.6,738
Maat,N,1,0,1.0,772
Maat,N,1,0,1.1,802
Maat,N,1,0,2.5,754
Maat,I,2,0,1.2,839
Maat,I,2,0,0.5,745
Maat,I,2,0,1.4000000000000001,751
Maat,I,2,0,1.5,763
Maat,I,2,0,1.7000000000000002,738
Maat,B,3,0,1.3,755
Maat,B,3,0,1.1,739
Maat,B,3,0,0.30000000000000004,735
Maat,B,3,0,0.9000000000000001,820
Maat,B,3,0,1.5,699
Maat,P,4,0,1.5999999999999999,814
Maat,P,4,0,0.7,649
Maat,P,4,0,2.0,759
Maat,P,4,0,2.2,765
Maat,P,4,0,1.0,643
Maat,S,5,0,1.8000000000000003,753
Maat,S,5,0,1.6,725
Maat,S,5,0,0.8,799
Maat,S,5,0,1.0,801
Maat,S,5,0,1.4000000000000001,660
Seshat,N,1,0,1.8,809
Seshat,N,1,0,1.7000000000000002,770
Seshat,N,1,0,0.4,824
Seshat,N,1,0,2.2,771
Seshat,N,1,0,2.6,719
Seshat,I,2,0,1.7000000000000002,798
Seshat,I,2,0,0.4,702
Seshat,I,2,0,0.2,816
Seshat,I,2,0,2.7,789
Seshat,I,2,0,1.8,778
Seshat,B,3,0,2.5000000000000004,829
Seshat,B,3,0,1.8,757
Seshat,B,3,0,0.7000000000000001,818
Seshat,B,3,0,0.9,764
Seshat,B,3,0,2.4000000000000004,658
Seshat,P,4,0,1.7000000000000002,772
Seshat,P,4,0,1.7000000000000002,754
Seshat,P,4,0,1.0,832
Seshat,P,4,0,2.0,756
Seshat,P,4,0,2.1,741
Seshat,S,5,0,1.5,805
Seshat,S,5,0,1.0,734
Seshat,S,5,0,0.30000000000000004,781
Seshat,S,5,0,1.6,837
Seshat,S,5,0,3.1,775
Ptah,N,1,0,2.3000000000000003,750
Ptah,N,1,0,1.7,744
Ptah,N,1,0,1.8,804
Ptah,N,1,0,1.4,770
Ptah,N,1,0,0.8,684
Ptah,I,2,0,1.1,812
Ptah,I,2,0,1.6,731
Ptah,I,2,0,1.2999999999999998,783
Ptah,I,2,0,1.5,822
Ptah,I,2,0,2.3000000000000003,807
Ptah,B,3,0,1.2000000000000002,741
Ptah,B,3,0,2.2,808
Ptah,B,3,0,3.2,792
Ptah,B,3,0,0.8,771
Ptah,B,3,0,2.5,794
Ptah,P,4,0,0.6000000000000001,738
Ptah,P,4,0,2.1,767
Ptah,P,4,0,1.2000000000000002,754
Ptah,P,4,0,1.0,787
Ptah,P,4,0,2.9000000000000004,687
Ptah,S,5,0,1.1,767
Ptah,S,5,0,1.4,803
Ptah,S,5,0,1.6999999999999997,802
Ptah,S,5,0,2.0,785
Ptah,S,5,0,2.1,793
Thoth,I,1,5,0.4,765
Thoth,I,1,5,1.1,679
Thoth,I,1,5,1.8,810
Thoth,I,1,5,1.6,787
Thoth,I,1,5,0.30000000000000004,658
Thoth,I,1,5,0.1,726
Thoth,I,1,5,2.6,778
Thoth,I,1,5,1.5,738
Thoth,I,1,5,0.4,746
Thoth,I,1,5,1.0,773
Thoth,I,1,0,1.8000000000000003,778
Thoth,I,1,0,0.6000000000000001,756
Thoth,I,1,0,0.6000000000000001,786
Thoth,I,1,0,1.3000000000000003,828
Thoth,I,1,0,0.8,740
Thoth,I,1,0,1.0,769
Thoth,I,1,0,0.6000000000000001,779
Thoth,I,1,0,1.6,722
Thoth,I,1,0,1.2000000000000002,731
Thoth,I,1,0,0.10000000000000009,729
Ptah,S,1,4,1.9000000000000001,749
Ptah,S,1,4,1.1,713
Ptah,S,1,4,1.5,810
Ptah,S,1,4,1.0,764
Ptah,S,1,4,1.3,689
Ptah,S,1,4,1.7000000000000002,782
Ptah,S,1,4,1.7,792
Ptah,S,1,4,1.0,720
Ptah,S,1,4,1.4,815
Ptah,S,1,4,1.6999999999999997,844
Thoth,B,1,5,1.1,789
Thoth,B,1,5,0.5,813
Thoth,B,1,5,1.0,782
Thoth,B,1,5,1.3,764
Thoth,B,1,5,0.8,701
Thoth,B,1,5,0.8,607
Thoth,B,1,5,1.5000000000000002,770
Thoth,B,1,5,1.4000000000000001,757
Thoth,B,1,5,0.0,693
Thoth,B,1,5,0.7000000000000001,811
Thoth,S,1,0,1.8000000000000003,794
Thoth,S,1,0,1.3000000000000003,735
Thoth,S,1,0,0.6000000000000001,801
Thoth,S,1,0,1.6,716
Thoth,S,1,0,1.2000000000000002,757
Thoth,S,1,0,0.5,707
Thoth,S,1,0,1.3,743
Thoth,S,1,0,1.7000000000000002,695
Thoth,S,1,0,0.4,735
Thoth,S,1,0,1.7000000000000002,761
Thoth,N,1,0,0.9000000000000001,776
Thoth,N,1,0,0.9000000000000001,732
Thoth,N,1,0,1.0,733
Thoth,N,1,0,1.5,751
Thoth,N,1,0,1.5,745
Thoth,N,1,0,0.5,731
Thoth,N,1,0,1.2000000000000002,813
Thoth,N,1,0,0.30000000000000004,783
Thoth,N,1,0,0.6000000000000001,725
Thoth,N,1,0,1.5000000000000002,750
Maat,B,1,2,1.9000000000000001,847
Maat,B,1,2,0.9000000000000001,701
Maat,B,1,2,1.2000000000000002,707
Maat,B,1,2,1.1,766
Maat,B,1,2,1.6,717
Maat,B,1,2,1.0,704
Maat,B,1,2,1.4,714
Maat,B,1,2,1.5000000000000002,671
Maat,B,1,2,1.8000000000000003,743
Maat,B,1,2,1.8,770
Seshat,P,1,1,1.1,808
Seshat,P,1,1,0.6,720
Seshat,P,1,1,0.5,742
Seshat,P,1,1,1.9000000000000004,748
Seshat,P,1,1,0.7000000000000001,759
Seshat,P,1,1,0.5,695
Seshat,P,1,1,1.2000000000000002,826
Seshat,P,1,1,1.5,747
Seshat,P,1,1,0.30000000000000004,795
Seshat,P,1,1,2.0,838
Ptah,N,1,4,1.1,749
Ptah,N,1,4,2.3000000000000003,688
Ptah,N,1,4,1.7999999999999998,798
Ptah,N,1,4,1.9000000000000004,818
Ptah,N,1,4,1.2000000000000002,747
Ptah,N,1,4,0.7999999999999999,596
Ptah,N,1,4,0.7000000000000002,706
Ptah,N,1,4,1.2,718
Ptah,N,1,4,1.6,824
Ptah,N,1,4,2.1,753
Seshat,N,1,1,1.8,805
Seshat,N,1,1,1.5,752
Seshat,N,1,1,0.4,779
Seshat,N,1,1,1.4,725
Seshat,N,1,1,1.3000000000000003,738
Seshat,N,1,1,1.5000000000000002,788
Seshat,N,1,1,2.0,811
Seshat,N,1,1,1.1,737
Seshat,N,1,1,0.6000000000000001,807
Seshat,N,1,1,1.6,758
Anubis,S,1,3,1.1,750
Anubis,S,1,3,0.8999999999999999,717
Anubis,S,1,3,1.3000000000000003,797
Anubis,S,1,3,1.7,748
Anubis,S,1,3,1.7,790
Anubis,S,1,3,1.0,793
Anubis,S,1,3,2.0999999999999996,761
Anubis,S,1,3,2.2,677
Anubis,S,1,3,1.4000000000000001,794
Anubis,S,1,3,1.1,824
Thoth,P,1,0,1.3,811
Thoth,P,1,0,0.7000000000000001,694
Thoth,P,1,0,0.2,731
Thoth,P,1,0,1.7000000000000002,759
Thoth,P,1,0,0.5,714
Thoth,P,1,0,0.1,766
Thoth,P,1,0,2.2,790
Thoth,P,1,0,1.5000000000000002,732
Thoth,P,1,0,1.2000000000000002,743
Thoth,P,1,0,0.7000000000000001,708
Seshat,I,1,1,0.9000000000000001,791
Seshat,I,1,1,1.5000000000000002,757
Seshat,I,1,1,0.7,733
Seshat,I,1,1,1.5,800
Seshat,I,1,1,0.6000000000000001,709
Seshat,I,1,1,1.0,788
Seshat,I,1,1,2.6,763
Seshat,I,1,1,1.4000000000000001,695
Seshat,I,1,1,0.6000000000000001,753
Seshat,I,1,1,1.4000000000000001,768
Maat,I,1,2,1.6,751
Maat,I,1,2,2.2,750
Maat,I,1,2,0.7000000000000001,716
Maat,I,1,2,1.7999999999999998,787
Maat,I,1,2,1.2000000000000002,648
Maat,I,1,2,1.0,741
Maat,I,1,2,1.9000000000000004,770
Maat,I,1,2,1.4000000000000001,713
Maat,I,1,2,1.6,699
Maat,I,1,2,1.7000000000000002,801
Anubis,I,1,3,1.2000000000000002,832
Anubis,I,1,3,1.2999999999999998,780
Anubis,I,1,3,0.8,740
Anubis,I,1,3,1.3000000000000003,712
Anubis,I,1,3,1.4000000000000001,705
Anubis,I,1,3,0.6000000000000001,766
Anubis,I,1,3,1.9,768
Anubis,I,1,3,0.0,129
Anubis,I,1,3,0.2,721
Anubis,I,1,3,1.6,766
Thoth,B,1,0,0.6000000000000001,751
Thoth,B,1,0,0.6000000000000001,752
Thoth,B,1,0,1.2,768
Thoth,B,1,0,1.1,735
Thoth,B,1,0,0.5,656
Thoth,B,1,0,1.4000000000000001,776
Thoth,B,1,0,0.5,770
Thoth,B,1,0,2.2,742
Thoth,B,1,0,1.7000000000000002,724
Thoth,B,1,0,0.8,753
Seshat,B,1,6,2.7,817
Seshat,B,1,6,0.7,705
Seshat,B,1,6,1.2000000000000002,766
Seshat,B,1,6,0.7000000000000001,855
Seshat,B,1,6,1.2000000000000002,727
Seshat,B,1,6,1.2000000000000002,761
Seshat,B,1,6,1.3,769
Seshat,B,1,6,1.5,768
Seshat,B,1,6,1.9000000000000001,741
Seshat,B,1,6,0.20000000000000007,812
Maat,P,1,2,1.9,782
Maat,P,1,2,1.2,718
Maat,P,1,2,2.4,747
Maat,P,1,2,1.6,808
Maat,P,1,2,1.4000000000000001,714
Maat,P,1,2,1.3000000000000003,776
Maat,P,1,2,1.9,810
Maat,P,1,2,0.8999999999999999,736
Maat,P,1,2,1.2000000000000002,757
Maat,P,1,2,0.7000000000000001,803
Ptah,I,1,4,2.4000000000000004,791
Ptah,I,1,4,0.9,663
Ptah,I,1,4,1.6,736
Ptah,I,1,4,0.6000000000000001,740
Ptah,I,1,4,1.5,760
Ptah,I,1,4,1.4,594
Ptah,I,1,4,1.0,770
Ptah,I,1,4,2.4000000000000004,774
Ptah,I,1,4,0.8999999999999999,642
Ptah,I,1,4,0.4,753
Maat,N,1,2,1.5,794
Maat,N,1,2,0.8,693
Maat,N,1,2,1.8000000000000003,736
Maat,N,1,2,1.6,770
Maat,N,1,2,1.8,746
Maat,N,1,2,1.2000000000000002,756
Maat,N,1,2,1.2000000000000002,766
Maat,N,1,2,1.1,731
Maat,N,1,2,1.3,792
Maat,N,1,2,1.1,788
Anubis,N,1,3,0.9,766
Anubis,N,1,3,2.2,662
Anubis,N,1,3,1.0,747
Anubis,N,1,3,1.1,727
Anubis,N,1,3,1.5,731
Anubis,N,1,3,1.0,759
Anubis,N,1,3,2.0,781
Anubis,N,1,3,1.0,733
Anubis,N,1,3,1.8,729
Anubis,N,1,3,1.6,753
Anubis,B,1,3,1.7000000000000002,757
Anubis,B,1,3,1.4000000000000001,704
Anubis,B,1,3,1.3,815
Anubis,B,1,3,0.5,788
Anubis,B,1,3,2.0,675
Anubis,B,1,3,1.2000000000000002,760
Anubis,B,1,3,2.0,730
Anubis,B,1,3,0.8,748
Anubis,B,1,3,1.4000000000000001,767
Anubis,B,1,3,1.4000000000000001,774
Thoth,P,1,5,1.9000000000000001,745
Thoth,P,1,5,0.7000000000000001,698
Thoth,P,1,5,1.3000000000000003,796
Thoth,P,1,5,1.1,752
Thoth,P,1,5,1.5000000000000002,761
Thoth,P,1,5,1.4000000000000001,806
Thoth,P,1,5,1.9000000000000001,748
Thoth,P,1,5,1.0,735
Thoth,P,1,5,0.9,707
Thoth,P,1,5,0.9,761
Ptah,B,1,4,0.9,820
Ptah,B,1,4,0.8,807
Ptah,B,1,4,0.8999999999999999,685
Ptah,B,1,4,1.2000000000000002,727
Ptah,B,1,4,2.0000000000000004,740
Ptah,B,1,4,0.7999999999999999,757
Ptah,B,1,4,0.4,750
Ptah,B,1,4,1.9000000000000001,727
Ptah,B,1,4,1.0,758
Ptah,B,1,4,1.3000000000000003,808
Maat,S,1,2,2.1,762
Maat,S,1,2,1.1,776
Maat,S,1,2,1.2000000000000002,706
Maat,S,1,2,1.9000000000000001,792
Maat,S,1,2,1.7000000000000002,721
Maat,S,1,2,2.3000000000000003,748
Maat,S,1,2,1.7000000000000002,792
Maat,S,1,2,0.6000000000000001,698
Maat,S,1,2,1.0,757
Maat,S,1,2,1.7000000000000002,840
Seshat,S,1,6,3.4000000000000004,827
Seshat,S,1,6,1.5000000000000002,741
Seshat,S,1,6,0.1,778
Seshat,S,1,6,1.6,811
Seshat,S,1,6,1.8,728
Seshat,S,1,6,1.2,736
Seshat,S,1,6,1.5,771
Seshat,S,1,6,0.8,766
Seshat,S,1,6,0.1,771
Seshat,S,1,6,1.2,806
Ptah,P,1,4,1.4,730
Ptah,P,1,4,1.8,643
Ptah,P,1,4,0.7000000000000001,684
Ptah,P,1,4,1.7999999999999998,761
Ptah,P,1,4,2.3000000000000003,772
Ptah,P,1,4,1.1,773
Ptah,P,1,4,0.7,736
Ptah,P,1,4,1.3000000000000003,714
Ptah,P,1,4,0.8,719
Ptah,P,1,4,1.5,845
Thoth,S,1,5,1.1,797
Thoth,S,1,5,0.7000000000000001,690
Thoth,S,1,5,0.6000000000000001,756
Thoth,S,1,5,0.6000000000000001,791
Thoth,S,1,5,0.6000000000000001,744
Thoth,S,1,5,0.5,695
Thoth,S,1,5,1.9000000000000001,763
Thoth,S,1,5,1.1,767
Thoth,S,1,5,0.7000000000000001,723
Thoth,S,1,5,0.7000000000000001,771
Seshat,I,1,6,1.5000000000000002,755
Seshat,I,1,6,1.1,773
Seshat,I,1,6,0.30000000000000004,685
Seshat,I,1,6,1.3,772
Thoth,N,1,5,1.1,768
Thoth,N,1,5,1.0,689
Thoth,N,1,5,0.6000000000000001,702
Thoth,N,1,5,0.7,824
Thoth,N,1,5,0.8,716
Thoth,N,1,5,1.1,780
Thoth,N,1,5,0.6000000000000001,808
Thoth,N,1,5,0.8,700
Thoth,N,1,5,0.30000000000000004,691
Thoth,N,1,5,1.2,760
Seshat,B,1,1,1.3,802
Seshat,B,1,1,1.4000000000000001,754
Seshat,B,1,1,1.2000000000000002,762
Seshat,B,1,1,1.1,833
Seshat,B,1,1,1.0,740
Seshat,B,1,1,0.8999999999999999,781
Seshat,B,1,1,1.3000000000000003,791
Seshat,B,1,1,0.8,703
Seshat,B,1,1,0.8,763
Seshat,B,1,1,1.5999999999999999,805
Anubis,P,1,3,1.8000000000000003,742
Anubis,P,1,3,1.7999999999999998,689
Anubis,P,1,3,1.2000000000000002,773
Anubis,P,1,3,2.1,813
Anubis,P,1,3,2.0000000000000004,684
Anubis,P,1,3,1.4000000000000001,794
Anubis,P,1,3,1.8999999999999997,748
Anubis,P,1,3,1.2,745
Anubis,P,1,3,0.9000000000000001,752
Anubis,P,1,3,1.5,746
Seshat,S,1,1,2.2,803
Seshat,S,1,1,0.4,633
Seshat,S,1,1,0.5,780
Seshat,S,1,1,1.6,786
Seshat,S,1,1,1.8000000000000003,746
Seshat,S,1,1,0.7,722
Seshat,S,1,1,1.1,754
Seshat,S,1,1,1.4,716
Seshat,S,1,1,0.6000000000000001,727
Seshat,S,1,1,1.5000000000000002,775
Seshat,N,1,6,1.6,767
Seshat,N,1,6,1.2999999999999998,726
Seshat,N,1,6,0.6000000000000001,729
Seshat,N,1,6,1.4,799
Seshat,N,1,6,1.2,715
Seshat,N,1,6,0.0,680
Seshat,N,1,6,1.5,804
Seshat,N,1,6,1.5,710
Seshat,N,1,6,0.30000000000000004,733
Seshat,N,1,6,1.4,818
Seshat,P,1,6,1.3,780
Seshat,P,1,6,0.30000000000000027,674
Seshat,P,1,6,0.2,798
Seshat,P,1,6,2.5,839
Seshat,P,1,6,1.0,720
Seshat,P,1,6,0.5,704
Seshat,P,1,6,1.7000000000000002,782
Seshat,P,1,6,1.6,729
Seshat,P,1,6,0.7000000000000001,706
Seshat,P,1,6,2.2,812
Ptah,B,1,4,0.6,819
Ptah,B,1,4,1.3000000000000003,763
Ptah,B,1,4,1.2999999999999998,714
Ptah,B,1,4,1.0,751
Ptah,B,1,4,1.8000000000000003,803
Ptah,B,1,4,1.9,822
Ptah,B,1,4,0.7000000000000001,764
Ptah,B,1,4,1.9000000000000004,703
Ptah,B,1,4,0.8999999999999999,765
Ptah,B,1,4,1.4000000000000001,725
Maat,B,1,2,1.7000000000000002,726
Maat,B,1,2,1.9000000000000004,762
Maat,B,1,2,1.1,687
Maat,B,1,2,1.8000000000000003,721
Maat,B,1,2,1.6,715
Maat,B,1,2,0.8,692
Maat,B,1,2,1.4000000000000001,736
Maat,B,1,2,0.8999999999999999,695
Maat,B,1,2,1.0,746
Maat,B,1,2,2.1,708
Anubis,I,1,3,1.1,743
Anubis,I,1,3,1.2000000000000002,749
Anubis,I,1,3,0.7,787
Anubis,I,1,3,2.4000000000000004,777
Anubis,I,1,3,0.8,719
Anubis,I,1,3,0.7999999999999999,727
Anubis,I,1,3,2.0,696
Anubis,I,1,3,0.7,768
Anubis,I,1,3,0.9,738
Anubis,I,1,3,2.0,774
Seshat,P,1,1,0.8,822
Seshat,P,1,1,1.7000000000000002,775
Seshat,P,1,1,0.5,755
Seshat,P,1,1,0.6000000000000001,808
Seshat,P,1,1,2.6,751
Seshat,P,1,1,0.1,725
Seshat,P,1,1,1.0,824
Seshat,P,1,1,1.3,672
Seshat,P,1,1,0.6000000000000001,740
Seshat,P,1,1,1.9000000000000004,870
Ptah,N,1,4,0.7999999999999999,783
Ptah,N,1,4,1.2000000000000002,700
Ptah,N,1,4,1.0,756
Ptah,N,1,4,1.7000000000000002,710
Ptah,N,1,4,1.7000000000000002,762
Ptah,N,1,4,1.5000000000000002,712
Ptah,N,1,4,1.1,718
Ptah,N,1,4,1.1,711
Ptah,N,1,4,1.2000000000000002,734
Ptah,N,1,4,1.4,840
Anubis,I,1,8,1.6,798
Anubis,I,1,8,0.6000000000000001,666
Anubis,I,1,8,1.0,742
Anubis,I,1,8,1.2000000000000002,709
Anubis,I,1,8,1.2000000000000002,723
Anubis,I,1,8,0.6000000000000001,710
Anubis,I,1,8,1.1,778
Anubis,I,1,8,1.5,744
Anubis,I,1,8,1.9000000000000001,742
Anubis,I,1,8,1.7000000000000002,779
Anubis,N,1,8,1.1,748
Anubis,N,1,8,1.7,704
Anubis,N,1,8,2.2,769
Anubis,N,1,8,2.4000000000000004,786
Anubis,N,1,8,0.7,537
Anubis,N,1,8,1.4000000000000004,791
Anubis,N,1,8,0.30000000000000004,788
Anubis,N,1,8,0.8,749
Anubis,N,1,8,1.2,668
Anubis,N,1,8,0.4,736
Thoth,N,1,5,1.7000000000000002,751
Thoth,N,1,5,1.1,732
Thoth,N,1,5,1.1,781
Thoth,N,1,5,0.8,810
Thoth,N,1,5,1.5999999999999999,763
Thoth,N,1,5,2.7000000000000006,767
Thoth,N,1,5,1.7000000000000002,808
Thoth,N,1,5,1.4000000000000001,762
Thoth,N,1,5,1.1,745
Thoth,N,1,5,0.8,842
Ptah,I,1,9,1.2000000000000002,780
Ptah,I,1,9,1.4000000000000001,744
Ptah,I,1,9,0.7999999999999999,753
Ptah,I,1,9,2.8000000000000003,826
Ptah,I,1,9,2.5,751
Ptah,I,1,9,1.4,753
Ptah,I,1,9,0.7,795
Ptah,I,1,9,2.0,773
Ptah,I,1,9,1.4,811
Ptah,I,1,9,0.7,733
Thoth,S,1,0,1.2000000000000002,828
Thoth,S,1,0,1.4,755
Thoth,S,1,0,1.2000000000000002,749
Thoth,S,1,0,1.0000000000000002,746
Thoth,S,1,0,1.5000000000000002,740
Thoth,S,1,0,0.2,767
Thoth,S,1,0,1.3,755
Thoth,S,1,0,1.4000000000000001,721
Thoth,S,1,0,0.9,793
Thoth,S,1,0,1.2000000000000002,795
Seshat,B,1,1,1.5000000000000002,830
Seshat,B,1,1,0.8999999999999999,784
Seshat,B,1,1,-0.7,788
Seshat,B,1,1,0.8,803
Seshat,B,1,1,1.4,717
Seshat,B,1,1,0.8,840
Seshat,B,1,1,1.8,819
Seshat,B,1,1,0.6000000000000001,717
Seshat,B,1,1,1.0,705
Seshat,B,1,1,1.1,798
Ptah,P,1,9,1.4,758
Ptah,P,1,9,2.1000000000000005,726
Ptah,P,1,9,1.4000000000000001,713
Ptah,P,1,9,0.9,754
Ptah,P,1,9,2.3000000000000003,763
Ptah,P,1,9,1.4000000000000001,728
Ptah,P,1,9,1.3,753
Ptah,P,1,9,0.9,695
Ptah,P,1,9,1.9000000000000001,766
Ptah,P,1,9,1.2000000000000002,778
Thoth,S,1,5,1.5,768
Thoth,S,1,5,0.7000000000000001,701
Thoth,S,1,5,0.9,701
Thoth,S,1,5,1.4,790
Thoth,S,1,5,1.1,760
Thoth,S,1,5,1.3,767
Thoth,S,1,5,0.6000000000000001,789
Thoth,S,1,5,0.7,770
Thoth,S,1,5,0.9,712
Thoth,S,1,5,1.2000000000000002,735
Seshat,S,1,6,1.9,767
Seshat,S,1,6,2.0,789
Seshat,S,1,6,0.6000000000000001,782
Seshat,S,1,6,1.8000000000000003,826
Seshat,S,1,6,1.8000000000000003,733
Seshat,S,1,6,0.7,763
Seshat,S,1,6,1.5,767
Seshat,S,1,6,1.6,730
Seshat,S,1,6,0.4,810
Seshat,S,1,6,1.5,813
Seshat,B,1,6,0.6000000000000001,810
Seshat,B,1,6,0.4,751
Seshat,B,1,6,0.7,797
Seshat,B,1,6,1.1,759
Seshat,B,1,6,0.7,729
Seshat,B,1,6,-0.7,767
Seshat,B,1,6,1.6,773
Seshat,B,1,6,2.0,763
Seshat,B,1,6,0.5,755
Seshat,B,1,6,1.4000000000000001,769
Maat,N,1,7,0.8999999999999999,787
Maat,N,1,7,0.8,702
Maat,N,1,7,1.1,775
Maat,N,1,7,1.6,773
Maat,N,1,7,0.9,679
Maat,N,1,7,0.9000000000000001,719
Maat,N,1,7,1.1,772
Maat,N,1,7,1.1,730
Maat,N,1,7,1.6,717
Maat,N,1,7,1.8000000000000003,850
Ptah,S,1,9,1.7000000000000002,776
Ptah,S,1,9,1.1,702
Ptah,S,1,9,0.7999999999999999,818
Ptah,S,1,9,1.7,793
Ptah,S,1,9,2.4,770
Ptah,S,1,9,1.1,727
Ptah,S,1,9,1.0,806
Ptah,S,1,9,1.5,779
Ptah,S,1,9,1.2,733
Ptah,S,1,9,0.9,795
Thoth,I,1,5,1.9,790
Thoth,I,1,5,0.7000000000000001,733
Thoth,I,1,5,0.6000000000000001,759
Thoth,I,1,5,1.6000000000000003,772
Thoth,I,1,5,0.30000000000000004,748
Thoth,I,1,5,0.9,686
Thoth,I,1,5,1.7999999999999998,792
Thoth,I,1,5,0.9000000000000001,714
Thoth,I,1,5,0.5,759
Thoth,I,1,5,1.9000000000000001,741
Maat,P,1,2,2.0,792
Maat,P,1,2,0.8,694
Maat,P,1,2,0.0,697
Maat,P,1,2,0.8999999999999999,752
Maat,P,1,2,0.8999999999999999,719
Maat,P,1,2,1.2000000000000002,763
Maat,P,1,2,1.1,762
Maat,P,1,2,1.7000000000000002,702
Maat,P,1,2,1.5000000000000002,749
Maat,P,1,2,1.6,759
Anubis,S,1,8,1.2000000000000002,748
Anubis,S,1,8,0.7,721
Anubis,S,1,8,0.7999999999999999,765
Anubis,S,1,8,1.4000000000000001,784
Anubis,S,1,8,0.9,759
Anubis,S,1,8,2.3000000000000003,752
Anubis,S,1,8,1.0,820
Anubis,S,1,8,0.8999999999999999,722
Anubis,S,1,8,1.5,758
Anubis,S,1,8,0.9,767
Thoth,I,1,0,0.9,776
Thoth,I,1,0,0.30000000000000004,691
Thoth,I,1,0,1.2000000000000002,736
Thoth,I,1,0,1.3,790
Thoth,I,1,0,1.2000000000000002,733
Thoth,I,1,0,0.4,634
Thoth,I,1,0,1.1,795
Thoth,I,1,0,1.6,747
Thoth,I,1,0,0.30000000000000004,737
Thoth,I,1,0,0.9000000000000001,755
Thoth,N,1,0,1.2,778
Thoth,N,1,0,0.7000000000000001,715
Thoth,N,1,0,1.1,785
Thoth,N,1,0,1.6,762
Thoth,N,1,0,2.0,777
Thoth,N,1,0,1.2,792
Thoth,N,1,0,0.9,792
Thoth,N,1,0,1.4,781
Thoth,N,1,0,0.8,773
Thoth,N,1,0,1.4000000000000001,718
Ptah,B,1,9,1.1,762
Ptah,B,1,9,1.9,721
Ptah,B,1,9,0.7000000000000001,757
Ptah,B,1,9,1.3000000000000003,768
Ptah,B,1,9,1.1,713
Ptah,B,1,9,2.3,729
Ptah,B,1,9,-0.09999999999999998,737
Ptah,B,1,9,1.3,712
Ptah,B,1,9,1.4000000000000001,757
Ptah,B,1,9,0.9,815
Anubis,N,1,3,1.2000000000000002,778
Anubis,N,1,3,0.8,712
Anubis,N,1,3,1.0,746
Anubis,N,1,3,1.5,742
Anubis,N,1,3,1.4000000000000001,734
Anubis,N,1,3,2.1000000000000005,771
Anubis,N,1,3,1.4000000000000001,762
Anubis,N,1,3,1.0999999999999999,780
Anubis,N,1,3,0.8,692
Anubis,N,1,3,1.8,787
Seshat,S,1,1,2.1000000000000005,832
Seshat,S,1,1,1.1,738
Seshat,S,1,1,0.5,735
Seshat,S,1,1,1.4,807
Seshat,S,1,1,1.6,763
Seshat,S,1,1,0.2,793
Seshat,S,1,1,2.5,827
Seshat,S,1,1,1.5,705
Seshat,S,1,1,0.1,714
Seshat,S,1,1,2.0,875
Anubis,P,1,8,0.6000000000000001,767
Anubis,P,1,8,1.3000000000000003,719
Anubis,P,1,8,0.6000000000000001,776
Anubis,P,1,8,0.6000000000000001,728
Anubis,P,1,8,1.5999999999999999,668
Anubis,P,1,8,0.8,773
Anubis,P,1,8,2.4000000000000004,790
Anubis,P,1,8,2.0000000000000004,756
Anubis,P,1,8,1.1,782
Anubis,P,1,8,1.1,796
Anubis,B,1,8,2.5000000000000004,825
Anubis,B,1,8,1.7000000000000002,720
Anubis,B,1,8,1.5,733
Anubis,B,1,8,2.1,806
Anubis,B,1,8,0.6000000000000001,733
Anubis,B,1,8,1.0,722
Anubis,B,1,8,2.0,775
Anubis,B,1,8,1.3,677
Anubis,B,1,8,1.1,787
Anubis,B,1,8,1.6,746
Ptah,P,1,4,1.2000000000000002,754
Ptah,P,1,4,1.4000000000000001,663
Ptah,P,1,4,1.7,732
Ptah,P,1,4,1.3000000000000003,796
Ptah,P,1,4,1.5,661
Ptah,P,1,4,0.6,751
Ptah,P,1,4,1.4,778
Ptah,P,1,4,0.7,762
Ptah,P,1,4,1.0,650
Ptah,P,1,4,2.3000000000000007,786
Maat,S,1,2,2.0,723
Maat,S,1,2,1.1,773
Maat,S,1,2,1.4,724
Maat,S,1,2,2.9000000000000004,765
Maat,S,1,2,1.3,707
Maat,S,1,2,2.0,740
Maat,S,1,2,1.6,733
Maat,S,1,2,0.8,635
Maat,S,1,2,0.30000000000000004,741
Maat,S,1,2,1.2000000000000002,781
Maat,B,1,7,0.7000000000000001,699
Maat,B,1,7,0.8,663
Maat,B,1,7,0.4,691
Maat,B,1,7,2.4000000000000004,785
Maat,B,1,7,1.7000000000000002,694
Maat,B,1,7,0.9000000000000001,742
Maat,B,1,7,2.3000000000000003,780
Maat,B,1,7,0.4,696
Maat,B,1,7,1.1,713
Maat,B,1,7,1.5000000000000002,759
Thoth,B,1,0,1.1,779
Thoth,B,1,0,0.7000000000000001,703
Thoth,B,1,0,0.8,762
Thoth,B,1,0,0.8999999999999999,762
Thoth,B,1,0,1.7,750
Thoth,B,1,0,1.4,735
Thoth,B,1,0,1.4,819
Thoth,B,1,0,0.5,727
Thoth,B,1,0,0.9,717
Thoth,B,1,0,2.3000000000000003,793
Ptah,S,1,4,1.4,781
Ptah,S,1,4,1.3,701
Ptah,S,1,4,1.4,766
Ptah,S,1,4,1.1,841
Ptah,S,1,4,1.4000000000000001,698
Ptah,S,1,4,1.3000000000000003,798
Ptah,S,1,4,1.4,766
Ptah,S,1,4,2.0000000000000004,750
Ptah,S,1,4,1.5000000000000002,745
Ptah,S,1,4,1.4,779
Anubis,S,1,3,1.5999999999999999,791
Anubis,S,1,3,1.2,714
Anubis,S,1,3,0.7999999999999999,684
Anubis,S,1,3,1.8000000000000003,744
Anubis,S,1,3,0.7000000000000001,698
Anubis,S,1,3,1.5,769
Anubis,S,1,3,1.3000000000000003,767
Anubis,S,1,3,1.0,687
Anubis,S,1,3,1.0,715
Anubis,S,1,3,1.5,700
Seshat,I,1,1,1.0,828
Seshat,I,1,1,0.8,680
Seshat,I,1,1,1.4000000000000001,753
Seshat,I,1,1,1.2,816
Seshat,I,1,1,1.0,794
Seshat,I,1,1,0.7999999999999999,808
Seshat,I,1,1,1.5,807
Seshat,I,1,1,1.0,699
Seshat,I,1,1,1.2000000000000002,749
Seshat,I,1,1,2.5,811
Maat,S,1,7,2.6000000000000005,772
Maat,S,1,7,1.9000000000000004,733
Maat,S,1,7,1.6,744
Maat,S,1,7,0.6000000000000001,783
Maat,S,1,7,0.6000000000000001,729
Maat,S,1,7,1.2000000000000002,723
Maat,S,1,7,1.6,787
Maat,S,1,7,0.4,711
Maat,S,1,7,1.7000000000000002,711
Maat,S,1,7,1.1,780
Maat,N,1,2,2.1,835
Maat,N,1,2,1.7000000000000002,708
Maat,N,1,2,1.4,706
Maat,N,1,2,1.9000000000000001,802
Maat,N,1,2,1.6,686
Maat,N,1,2,1.1,731
Maat,N,1,2,0.4,785
Maat,N,1,2,1.5000000000000002,793
Maat,N,1,2,0.5,711
Maat,N,1,2,0.8,801
Maat,I,1,7,1.3,741
Maat,I,1,7,0.6000000000000001,679
Maat,I,1,7,1.2000000000000002,750
Maat,I,1,7,1.5000000000000002,746
Maat,I,1,7,1.4000000000000001,724
Maat,I,1,7,1.4000000000000001,758
Maat,I,1,7,1.7000000000000002,746
Maat,I,1,7,1.4000000000000001,665
Maat,I,1,7,0.7,790
Maat,I,1,7,1.6,754
Ptah,I,1,4,1.9,810
Ptah,I,1,4,2.0,730
Ptah,I,1,4,0.9,770
Ptah,I,1,4,0.7000000000000001,814
Ptah,I,1,4,1.3,754
Ptah,I,1,4,1.0,569
Ptah,I,1,4,2.2,830
Ptah,I,1,4,1.9000000000000001,680
Ptah,I,1,4,0.7999999999999999,771
Ptah,I,1,4,0.30000000000000004,776
Anubis,B,1,3,2.0,802
Anubis,B,1,3,1.2,768
Anubis,B,1,3,0.9,764
Anubis,B,1,3,1.9,736
Anubis,B,1,3,1.0,766
Anubis,B,1,3,1.8,738
Anubis,B,1,3,1.3000000000000003,765
Anubis,B,1,3,2.7,742
Anubis,B,1,3,2.0,707
Anubis,B,1,3,1.7000000000000002,803
Seshat,N,1,1,2.0,791
Seshat,N,1,1,1.3,664
Seshat,N,1,1,1.3000000000000003,757
Seshat,N,1,1,0.9000000000000001,799
Seshat,N,1,1,1.0,754
Seshat,N,1,1,0.6000000000000001,739
Seshat,N,1,1,2.2,747
Seshat,N,1,1,1.0,693
Seshat,N,1,1,1.8,788
Seshat,N,1,1,1.7000000000000002,715
Maat,I,1,2,1.6,761
Maat,I,1,2,0.7000000000000001,703
Maat,I,1,2,0.4,745
Maat,I,1,2,1.4000000000000001,782
Maat,I,1,2,1.4000000000000001,747
Maat,I,1,2,1.0,797
Maat,I,1,2,1.9,815
Maat,I,1,2,1.0,692
Maat,I,1,2,1.2000000000000002,685
Maat,I,1,2,1.4000000000000001,821
Thoth,B,1,5,1.2,795
Thoth,B,1,5,0.6000000000000001,706
Thoth,B,1,5,1.5000000000000002,780
Thoth,B,1,5,1.7000000000000002,776
Thoth,B,1,5,1.1,752
Thoth,B,1,5,0.1,667
Thoth,B,1,5,0.6000000000000001,800
Thoth,B,1,5,0.8,770
Thoth,B,1,5,2.2,686
Thoth,B,1,5,1.1,739
Thoth,P,1,5,0.8,757
Thoth,P,1,5,0.6000000000000001,676
Thoth,P,1,5,0.5,685
Thoth,P,1,5,1.1,759
Thoth,P,1,5,0.5,768
Thoth,P,1,5,1.4000000000000001,658
Thoth,P,1,5,1.5,793
Thoth,P,1,5,0.4,709
Thoth,P,1,5,0.6000000000000001,708
Thoth,P,1,5,0.3999999999999999,771
Maat,P,1,7,1.9000000000000001,740
Maat,P,1,7,1.0,671
Maat,P,1,7,1.4000000000000001,776
Maat,P,1,7,1.4000000000000001,732
Maat,P,1,7,0.9000000000000001,739
Maat,P,1,7,0.8,652
Maat,P,1,7,2.2,715
Maat,P,1,7,1.0,708
Maat,P,1,7,1.2000000000000002,758
Maat,P,1,7,1.3,716
Anubis,P,1,3,2.2,789
Anubis,P,1,3,1.8,767
Anubis,P,1,3,0.8,693
Anubis,P,1,3,0.8,791
Anubis,P,1,3,0.9000000000000001,734
Anubis,P,1,3,2.4000000000000004,778
Anubis,P,1,3,1.4000000000000001,772
Anubis,P,1,3,0.7,684
Anubis,P,1,3,1.5,730
Anubis,P,1,3,2.2,791
Thoth,P,1,0,1.3,828
Thoth,P,1,0,2.0000000000000004,798
Thoth,P,1,0,0.5,660
Thoth,P,1,0,1.5,748
Thoth,P,1,0,0.4,726
Thoth,P,1,0,0.5,743
Thoth,P,1,0,0.10000000000000009,765
Thoth,P,1,0,0.8,769
Thoth,P,1,0,1.5000000000000002,716
Thoth,P,1,0,1.6,789
Seshat,I,1,6,0.5,772
Seshat,I,1,6,1.8,753
Seshat,I,1,6,0.8,762
Seshat,I,1,6,0.9000000000000001,811
Seshat,I,1,6,0.9,843
Seshat,I,1,6,1.3,743
Seshat,I,1,6,2.2,838
Seshat,I,1,6,1.7000000000000002,775
Seshat,I,1,6,1.0999999999999999,765
Seshat,I,1,6,2.2,791
Ptah,N,1,9,0.8000000000000003,788
Ptah,N,1,9,1.9,766
Ptah,N,1,9,0.7,777
Ptah,N,1,9,1.3,740
Ptah,N,1,9,1.6,731
Ptah,N,1,9,0.8999999999999999,691
Ptah,N,1,9,1.5,828
Ptah,N,1,9,1.6,720
Ptah,N,1,9,1.3,741
Ptah,N,1,9,2.0999999999999996,721
