response_id,agent_name,condition,week,word_count,sentence_count,opp_count,esr_count,cos_count,ue_count,opp_j_count,opp_e_count,opp_d_count,opp_a_count,opp_p_count,esr_m_count,esr_c_count,esr_s_count,esr_f_count,cos_s_count,cos_r_count,cos_t_count,cos_x_count,ue_c_count,ue_s_count,ue_o_count,ue_h_count,lm_qualifiers,lm_hedge_phrases,lm_intensifiers,lm_qualifiers_norm,lm_hedge_norm,lm_intensifiers_norm
20c5535cb0504097-000001,Maat,N,0,105,5,0,0,0,0,0,0,0,0,0,0,0,0,0,0,0,0,0,0,0,0,0,0,0,0,0.0,0.0,0.0
20c5535cb0504097-000002,Maat,N,0,110,6,2,0,0,0,2,0,0,0,0,0,0,0,0,0,0,0,0,0,0,0,0,0,0,0,0.0,0.0,0.0
20c5535cb0504097-000003,Maat,N,0,106,10,0,0,0,0,0,0,0,0,0,0,0,0,0,0,0,0,0,0,0,0,0,0,0,0,0.0,0.0,0.0
20c5535cb0504097-000004,Maat,N,0,115,7,0,0,0,0,0,0,0,0,0,0,0,0,0,0,0,0,0,0,0,0,0,0,0,0,0.0,0.0,0.0
20c5535cb0504097-000005,Maat,N,0,114,5,2,0,0,0,2,0,0,0,0,0,0,0,0,0,0,0,0,0,0,0,0,0,0,0,0.0,0.0,0.0
20c5535cb0504097-000006,Maat,I,0,119,6,1,0,0,0,1,0,0,0,0,0,0,0,0,0,0,0,0,0,0,0,0,0,0,0,0.0,0.0,0.0
20c5535cb0504097-000007,Maat,I,0,106,6,1,0,0,0,1,0,0,0,0,0,0,0,0,0,0,0,0,0,0,0,0,0,0,0,0.0,0.0,0.0
20c5535cb0504097-000008,Maat,I,0,112,6,0,0,0,0,0,0,0,0,0,0,0,0,0,0,0,0,0,0,0,0,0,0,0,0,0.0,0.0,0.0
20c5535cb0504097-000009,Maat,I,0,109,6,0,0,0,0,0,0,0,0,0,0,0,0,0,0,0,0,0,0,0,0,0,0,0,0,0.0,0.0,0.0
20c5535cb0504097-000010,Maat,I,0,102,6,0,0,0,0,0,0,0,0,0,0,0,0,0,0,0,0,0,0,0,0,0,0,0,0,0.0,0.0,0.0
20c5535cb0504097-000011,Maat,B,0,110,5,0,0,0,0,0,0,0,0,0,0,0,0,0,0,0,0,0,0,0,0,0,0,0,0,0.0,0.0,0.0
20c5535cb0504097-000012,Maat,B,0,115,5,1,0,0,0,1,0,0,0,0,0,0,0,0,0,0,0,0,0,0,0,0,0,0,0,0.0,0.0,0.0
20c5535cb0504097-000013,Maat,B,0,106,6,1,0,0,0,1,0,0,0,0,0,0,0,0,0,0,0,0,0,0,0,0,0,0,0,0.0,0.0,0.0
20c5535cb0504097-000014,Maat,B,0,116,6,2,0,0,0,1,1,0,0,0,0,0,0,0,0,0,0,0,0,0,0,0,0,0,0,0.0,0.0,0.0
20c5535cb0504097-000015,Maat,B,0,109,7,1,0,0,0,1,0,0,0,0,0,0,0,0,0,0,0,0,0,0,0,0,0,0,0,0.0,0.0,0.0
20c5535cb0504097-000016,Maat,P,0,126,6,0,0,0,0,0,0,0,0,0,0,0,0,0,0,0,0,0,0,0,0,0,0,0,0,0.0,0.0,0.0
20c5535cb0504097-000017,Maat,P,0,99,6,1,0,0,0,1,0,0,0,0,0,0,0,0,0,0,0,0,0,0,0,0,0,0,0,0.0,0.0,0.0
20c5535cb0504097-000018,Maat,P,0,113,9,1,0,0,0,1,0,0,0,0,0,0,0,0,0,0,0,0,0,0,0,0,0,0,0,0.0,0.0,0.0
20c5535cb0504097-000019,Maat,P,0,104,10,1,0,0,0,1,0,0,0,0,0,0,0,0,0,0,0,0,0,0,0,0,0,0,0,0.0,0.0,0.0
20c5535cb0504097-000020,Maat,P,0,94,6,0,0,0,0,0,0,0,0,0,0,0,0,0,0,0,0,0,0,0,0,0,0,0,0,0.0,0.0,0.0
20c5535cb0504097-000021,Maat,S,0,112,10,1,0,0,0,1,0,0,0,0,0,0,0,0,0,0,0,0,0,0,0,0,0,0,0,0.0,0.0,0.0
20c5535cb0504097-000022,Maat,S,0,105,5,1,0,0,0,1,0,0,0,0,0,0,0,0,0,0,0,0,0,0,0,0,0,0,0,0.0,0.0,0.0
20c5535cb0504097-000023,Maat,S,0,114,7,2,0,0,0,2,0,0,0,0,0,0,0,0,0,0,0,0,0,0,0,0,0,0,0,0.0,0.0,0.0
20c5535cb0504097-000024,Maat,S,0,117,7,0,0,0,0,0,0,0,0,0,0,0,0,0,0,0,0,0,0,0,0,0,0,0,0,0.0,0.0,0.0
20c5535cb0504097-000025,Maat,S,0,97,7,0,0,0,0,0,0,0,0,0,0,0,0,0,0,0,0,0,0,0,0,0,0,0,0,0.0,0.0,0.0
adf1042ad3dc0b8a-000001,Anubis,N,0,110,5,0,0,0,0,0,0,0,0,0,0,0,0,0,0,0,0,0,0,0,0,0,0,0,0,0.0,0.0,0.0
adf1042ad3dc0b8a-000002,Anubis,N,0,115,7,1,0,0,0,1,0,0,0,0,0,0,0,0,0,0,0,0,0,0,0,0,1,0,0,0.87,0.0,0.0
adf1042ad3dc0b8a-000003,Anubis,N,0,113,9,1,0,0,0,1,0,0,0,0,0,0,0,0,0,0,0,0,0,0,0,0,0,0,0,0.0,0.0,0.0
adf1042ad3dc0b8a-000004,Anubis,N,0,107,12,0,0,0,0,0,0,0,0,0,0,0,0,0,0,0,0,0,0,0,0,0,0,0,0,0.0,0.0,0.0
adf1042ad3dc0b8a-000005,Anubis,N,0,113,7,2,0,0,0,2,0,0,0,0,0,0,0,0,0,0,0,0,0,0,0,0,0,0,0,0.0,0.0,0.0
adf1042ad3dc0b8a-000006,Anubis,I,0,112,8,1,0,0,0,1,0,0,0,0,0,0,0,0,0,0,0,0,0,0,0,0,0,0,0,0.0,0.0,0.0
adf1042ad3dc0b8a-000007,Anubis,I,0,112,6,2,0,0,0,2,0,0,0,0,0,0,0,0,0,0,0,0,0,0,0,0,0,0,0,0.0,0.0,0.0
adf1042ad3dc0b8a-000008,Anubis,I,0,112,7,1,0,0,0,1,0,0,0,0,0,0,0,0,0,0,0,0,0,0,0,0,0,0,0,0.0,0.0,0.0
adf1042ad3dc0b8a-000009,Anubis,I,0,113,8,2,0,0,0,2,0,0,0,0,0,0,0,0,0,0,0,0,0,0,0,0,0,0,0,0.0,0.0,0.0
adf1042ad3dc0b8a-000010,Anubis,I,0,115,8,1,0,0,0,1,0,0,0,0,0,0,0,0,0,0,0,0,0,0,0,0,0,0,0,0.0,0.0,0.0
adf1042ad3dc0b8a-000011,Anubis,B,0,109,7,1,0,0,0,1,0,0,0,0,0,0,0,0,0,0,0,0,0,0,0,0,0,0,0,0.0,0.0,0.0
adf1042ad3dc0b8a-000012,Anubis,B,0,121,7,3,0,0,0,3,0,0,0,0,0,0,0,0,0,0,0,0,0,0,0,0,1,0,0,0.83,0.0,0.0
adf1042ad3dc0b8a-000013,Anubis,B,0,113,9,3,0,0,0,3,0,0,0,0,0,0,0,0,0,0,0,0,0,0,0,0,0,0,0,0.0,0.0,0.0
adf1042ad3dc0b8a-000014,Anubis,B,0,113,9,0,0,0,0,0,0,0,0,0,0,0,0,0,0,0,0,0,0,0,0,0,0,0,0,0.0,0.0,0.0
adf1042ad3dc0b8a-000015,Anubis,B,0,119,8,3,0,0,0,3,0,0,0,0,0,0,0,0,0,0,0,0,0,0,0,0,0,0,0,0.0,0.0,0.0
adf1042ad3dc0b8a-000016,Anubis,P,0,108,6,1,0,0,0,1,0,0,0,0,0,0,0,0,0,0,0,0,0,0,0,0,0,0,0,0.0,0.0,0.0
adf1042ad3dc0b8a-000017,Anubis,P,0,122,8,2,0,0,0,2,0,0,0,0,0,0,0,0,0,0,0,0,0,0,0,0,0,0,0,0.0,0.0,0.0
adf1042ad3dc0b8a-000018,Anubis,P,0,108,6,1,0,0,0,1,0,0,0,0,0,0,0,0,0,0,0,0,0,0,0,0,0,0,0,0.0,0.0,0.0
adf1042ad3dc0b8a-000019,Anubis,P,0,109,9,1,0,0,0,1,0,0,0,0,0,0,0,0,0,0,0,0,0,0,0,0,0,0,0,0.0,0.0,0.0
adf1042ad3dc0b8a-000020,Anubis,P,0,115,6,1,1,0,0,1,0,0,0,0,0,0,0,1,0,0,0,0,0,0,0,0,0,0,0,0.0,0.0,0.0
adf1042ad3dc0b8a-000021,Anubis,S,0,116,6,1,0,0,0,1,0,0,0,0,0,0,0,0,0,0,0,0,0,0,0,0,0,0,0,0.0,0.0,0.0
adf1042ad3dc0b8a-000022,Anubis,S,0,121,9,1,0,0,0,1,0,0,0,0,0,0,0,0,0,0,0,0,0,0,0,0,0,0,0,0.0,0.0,0.0
adf1042ad3dc0b8a-000023,Anubis,S,0,113,7,1,0,0,0,1,0,0,0,0,0,0,0,0,0,0,0,0,0,0,0,0,0,0,0,0.0,0.0,0.0
adf1042ad3dc0b8a-000024,Anubis,S,0,111,7,2,0,0,0,2,0,0,0,0,0,0,0,0,0,0,0,0,0,0,0,0,0,0,0,0.0,0.0,0.0
adf1042ad3dc0b8a-000025,Anubis,S,0,117,7,2,0,0,0,2,0,0,0,0,0,0,0,0,0,0,0,0,0,0,0,0,0,0,0,0.0,0.0,0.0
3c109bdb6fb88918-000001,Ptah,N,0,108,9,1,0,0,0,1,0,0,0,0,0,0,0,0,0,0,0,0,0,0,0,0,0,0,0,0.0,0.0,0.0
3c109bdb6fb88918-000002,Ptah,N,0,98,8,1,0,0,0,1,0,0,0,0,0,0,0,0,0,0,0,0,0,0,0,0,0,0,0,0.0,0.0,0.0
3c109bdb6fb88918-000003,Ptah,N,0,110,9,1,0,0,0,1,0,0,0,0,0,0,0,0,0,0,0,0,0,0,0,0,0,0,0,0.0,0.0,0.0
3c109bdb6fb88918-000004,Ptah,N,0,111,6,0,0,0,0,0,0,0,0,0,0,0,0,0,0,0,0,0,0,0,0,0,0,0,0,0.0,0.0,0.0
3c109bdb6fb88918-000005,Ptah,N,0,105,6,1,0,0,0,1,0,0,0,0,0,0,0,0,0,0,0,0,0,0,0,0,0,0,0,0.0,0.0,0.0
3c109bdb6fb88918-000006,Ptah,I,0,115,8,1,0,0,0,1,0,0,0,0,0,0,0,0,0,0,0,0,0,0,0,0,0,0,0,0.0,0.0,0.0
3c109bdb6fb88918-000007,Ptah,I,0,101,10,1,0,0,0,1,0,0,0,0,0,0,0,0,0,0,0,0,0,0,0,0,0,0,0,0.0,0.0,0.0
3c109bdb6fb88918-000008,Ptah,I,0,122,7,2,0,0,0,2,0,0,0,0,0,0,0,0,0,0,0,0,0,0,0,0,0,0,0,0.0,0.0,0.0
3c109bdb6fb88918-000009,Ptah,I,0,113,7,0,0,0,0,0,0,0,0,0,0,0,0,0,0,0,0,0,0,0,0,0,0,0,0,0.0,0.0,0.0
3c109bdb6fb88918-000010,Ptah,I,0,113,9,2,0,0,0,2,0,0,0,0,0,0,0,0,0,0,0,0,0,0,0,0,0,0,0,0.0,0.0,0.0
3c109bdb6fb88918-000011,Ptah,B,0,105,10,1,0,0,0,1,0,0,0,0,0,0,0,0,0,0,0,0,0,0,0,0,0,0,0,0.0,0.0,0.0
3c109bdb6fb88918-000012,Ptah,B,0,117,6,1,0,0,0,1,0,0,0,0,0,0,0,0,0,0,0,0,0,0,0,0,0,0,0,0.0,0.0,0.0
3c109bdb6fb88918-000013,Ptah,B,0,109,10,2,0,0,0,2,0,0,0,0,0,0,0,0,0,0,0,0,0,0,0,0,0,0,0,0.0,0.0,0.0
3c109bdb6fb88918-000014,Ptah,B,0,113,5,0,0,0,0,0,0,0,0,0,0,0,0,0,0,0,0,0,0,0,0,0,0,0,0,0.0,0.0,0.0
3c109bdb6fb88918-000015,Ptah,B,0,118,7,1,0,0,0,1,0,0,0,0,0,0,0,0,0,0,0,0,0,0,0,0,0,0,0,0.0,0.0,0.0
3c109bdb6fb88918-000016,Ptah,P,0,105,5,0,0,0,0,0,0,0,0,0,0,0,0,0,0,0,0,0,0,0,0,0,0,0,0,0.0,0.0,0.0
3c109bdb6fb88918-000017,Ptah,P,0,108,10,2,0,0,0,1,1,0,0,0,0,0,0,0,0,0,0,0,0,0,0,0,0,0,0,0.0,0.0,0.0
3c109bdb6fb88918-000018,Ptah,P,0,107,7,1,0,0,0,1,0,0,0,0,0,0,0,0,0,0,0,0,0,0,0,0,0,0,0,0.0,0.0,0.0
3c109bdb6fb88918-000019,Ptah,P,0,108,8,0,0,0,0,0,0,0,0,0,0,0,0,0,0,0,0,0,0,0,0,0,0,0,0,0.0,0.0,0.0
3c109bdb6fb88918-000020,Ptah,P,0,110,8,2,0,0,0,2,0,0,0,0,0,0,0,0,0,0,0,0,0,0,0,0,0,0,1,0.0,0.0,0.91
3c109bdb6fb88918-000021,Ptah,S,0,105,7,0,0,0,0,0,0,0,0,0,0,0,0,0,0,0,0,0,0,0,0,0,0,0,0,0.0,0.0,0.0
3c109bdb6fb88918-000022,Ptah,S,0,116,11,3,0,0,0,2,0,1,0,0,0,0,0,0,0,0,0,0,0,0,0,0,0,0,0,0.0,0.0,0.0
3c109bdb6fb88918-000023,Ptah,S,0,106,9,2,0,0,0,2,0,0,0,0,0,0,0,0,0,0,0,0,0,0,0,0,0,0,0,0.0,0.0,0.0
3c109bdb6fb88918-000024,Ptah,S,0,120,6,1,0,0,0,1,0,0,0,0,0,0,0,0,0,0,0,0,0,0,0,0,0,0,0,0.0,0.0,0.0
3c109bdb6fb88918-000025,Ptah,S,0,114,7,1,0,0,0,1,0,0,0,0,0,0,0,0,0,0,0,0,0,0,0,0,0,0,0,0.0,0.0,0.0
b598a7fb27dcb895-000001,Thoth,N,0,113,6,1,0,0,0,1,0,0,0,0,0,0,0,0,0,0,0,0,0,0,0,0,0,0,0,0.0,0.0,0.0
b598a7fb27dcb895-000002,Thoth,N,0,121,4,1,0,0,0,1,0,0,0,0,0,0,0,0,0,0,0,0,0,0,0,0,0,0,0,0.0,0.0,0.0
b598a7fb27dcb895-000003,Thoth,N,0,117,5,1,0,0,0,1,0,0,0,0,0,0,0,0,0,0,0,0,0,0,0,0,0,0,0,0.0,0.0,0.0
b598a7fb27dcb895-000004,Thoth,N,0,112,12,0,0,0,0,0,0,0,0,0,0,0,0,0,0,0,0,0,0,0,0,0,0,0,0,0.0,0.0,0.0
b598a7fb27dcb895-000005,Thoth,N,0,118,6,1,0,0,0,1,0,0,0,0,0,0,0,0,0,0,0,0,0,0,0,0,0,0,0,0.0,0.0,0.0
b598a7fb27dcb895-000006,Thoth,I,0,119,7,1,0,0,0,1,0,0,0,0,0,0,0,0,0,0,0,0,0,0,0,0,0,0,0,0.0,0.0,0.0
b598a7fb27dcb895-000007,Thoth,I,0,114,8,2,0,0,0,1,1,0,0,0,0,0,0,0,0,0,0,0,0,0,0,0,0,0,0,0.0,0.0,0.0
b598a7fb27dcb895-000008,Thoth,I,0,106,1,0,0,0,0,0,0,0,0,0,0,0,0,0,0,0,0,0,0,0,0,0,0,0,0,0.0,0.0,0.0
b598a7fb27dcb895-000009,Thoth,I,0,121,6,1,0,0,0,1,0,0,0,0,0,0,0,0,0,0,0,0,0,0,0,0,0,0,0,0.0,0.0,0.0
b598a7fb27dcb895-000010,Thoth,I,0,109,7,1,0,0,0,1,0,0,0,0,0,0,0,0,0,0,0,0,0,0,0,0,0,0,0,0.0,0.0,0.0
b598a7fb27dcb895-000011,Thoth,B,0,118,7,0,0,0,0,0,0,0,0,0,0,0,0,0,0,0,0,0,0,0,0,0,0,0,0,0.0,0.0,0.0
b598a7fb27dcb895-000012,Thoth,B,0,115,5,1,0,0,0,1,0,0,0,0,0,0,0,0,0,0,0,0,0,0,0,0,0,0,0,0.0,0.0,0.0
b598a7fb27dcb895-000013,Thoth,B,0,116,10,1,0,0,0,1,0,0,0,0,0,0,0,0,0,0,0,0,0,0,0,0,0,0,0,0.0,0.0,0.0
b598a7fb27dcb895-000014,Thoth,B,0,113,7,0,0,0,0,0,0,0,0,0,0,0,0,0,0,0,0,0,0,0,0,0,0,0,0,0.0,0.0,0.0
b598a7fb27dcb895-000015,Thoth,B,0,120,7,3,0,0,0,3,0,0,0,0,0,0,0,0,0,0,0,0,0,0,0,0,0,0,0,0.0,0.0,0.0
b598a7fb27dcb895-000016,Thoth,P,0,117,13,0,0,0,0,0,0,0,0,0,0,0,0,0,0,0,0,0,0,0,0,0,0,0,0,0.0,0.0,0.0
b598a7fb27dcb895-000017,Thoth,P,0,108,7,1,0,0,0,1,0,0,0,0,0,0,0,0,0,0,0,0,0,0,0,0,0,0,0,0.0,0.0,0.0
b598a7fb27dcb895-000018,Thoth,P,0,125,9,1,0,0,0,1,0,0,0,0,0,0,0,0,0,0,0,0,0,0,0,0,0,0,0,0.0,0.0,0.0
b598a7fb27dcb895-000019,Thoth,P,0,112,11,0,0,0,0,0,0,0,0,0,0,0,0,0,0,0,0,0,0,0,0,0,0,0,0,0.0,0.0,0.0
b598a7fb27dcb895-000020,Thoth,P,0,114,9,2,0,0,0,2,0,0,0,0,0,0,0,0,0,0,0,0,0,0,0,0,0,0,0,0.0,0.0,0.0
b598a7fb27dcb895-000021,Thoth,S,0,117,7,1,0,0,0,0,1,0,0,0,0,0,0,0,0,0,0,0,0,0,0,0,0,0,0,0.0,0.0,0.0
b598a7fb27dcb895-000022,Thoth,S,0,123,8,2,0,0,0,2,0,0,0,0,0,0,0,0,0,0,0,0,0,0,0,0,0,0,0,0.0,0.0,0.0
b598a7fb27dcb895-000023,Thoth,S,0,108,6,2,0,0,0,2,0,0,0,0,0,0,0,0,0,0,0,0,0,0,0,0,0,0,0,0.0,0.0,0.0
b598a7fb27dcb895-000024,Thoth,S,0,123,6,0,0,0,0,0,0,0,0,0,0,0,0,0,0,0,0,0,0,0,0,0,0,0,0,0.0,0.0,0.0
b598a7fb27dcb895-000025,Thoth,S,0,120,9,2,0,0,0,2,0,0,0,0,0,0,0,0,0,0,0,0,0,0,0,0,0,0,0,0.0,0.0,0.0
e9052e3b14e45f6c-000001,Seshat,N,0,123,7,1,0,0,0,1,0,0,0,0,0,0,0,0,0,0,0,0,0,0,0,0,0,0,0,0.0,0.0,0.0
e9052e3b14e45f6c-000002,Seshat,N,0,104,9,0,0,0,0,0,0,0,0,0,0,0,0,0,0,0,0,0,0,0,0,0,0,0,0,0.0,0.0,0.0
e9052e3b14e45f6c-000003,Seshat,N,0,120,7,2,0,0,0,2,0,0,0,0,0,0,0,0,0,0,0,0,0,0,0,0,0,0,0,0.0,0.0,0.0
e9052e3b14e45f6c-000004,Seshat,N,0,108,11,0,0,0,0,0,0,0,0,0,0,0,0,0,0,0,0,0,0,0,0,0,0,0,0,0.0,0.0,0.0
e9052e3b14e45f6c-000005,Seshat,N,0,116,5,1,0,0,0,1,0,0,0,0,0,0,0,0,0,0,0,0,0,0,0,0,0,0,0,0.0,0.0,0.0
e9052e3b14e45f6c-000006,Seshat,I,0,118,8,0,0,0,0,0,0,0,0,0,0,0,0,0,0,0,0,0,0,0,0,0,0,0,0,0.0,0.0,0.0
e9052e3b14e45f6c-000007,Seshat,I,0,107,7,1,0,0,0,1,0,0,0,0,0,0,0,0,0,0,0,0,0,0,0,0,0,0,0,0.0,0.0,0.0
e9052e3b14e45f6c-000008,Seshat,I,0,115,9,0,0,0,0,0,0,0,0,0,0,0,0,0,0,0,0,0,0,0,0,0,0,0,0,0.0,0.0,0.0
e9052e3b14e45f6c-000009,Seshat,I,0,111,5,0,0,0,0,0,0,0,0,0,0,0,0,0,0,0,0,0,0,0,0,0,0,0,0,0.0,0.0,0.0
e9052e3b14e45f6c-000010,Seshat,I,0,117,9,0,0,0,0,0,0,0,0,0,0,0,0,0,0,0,0,0,0,0,0,0,0,0,0,0.0,0.0,0.0
e9052e3b14e45f6c-000011,Seshat,B,0,124,8,1,0,0,0,1,0,0,0,0,0,0,0,0,0,0,0,0,0,0,0,0,0,0,0,0.0,0.0,0.0
e9052e3b14e45f6c-000012,Seshat,B,0,114,7,0,0,0,0,0,0,0,0,0,0,0,0,0,0,0,0,0,0,0,0,0,0,0,0,0.0,0.0,0.0
e9052e3b14e45f6c-000013,Seshat,B,0,114,9,1,0,0,0,1,0,0,0,0,0,0,0,0,0,0,0,0,0,0,0,0,0,0,0,0.0,0.0,0.0
e9052e3b14e45f6c-000014,Seshat,B,0,113,8,2,0,0,0,1,1,0,0,0,0,0,0,0,0,0,0,0,0,0,0,0,0,0,0,0.0,0.0,0.0
e9052e3b14e45f6c-000015,Seshat,B,0,111,5,0,0,0,0,0,0,0,0,0,0,0,0,0,0,0,0,0,0,0,0,0,0,0,0,0.0,0.0,0.0
e9052e3b14e45f6c-000016,Seshat,P,0,117,6,1,0,0,0,1,0,0,0,0,0,0,0,0,0,0,0,0,0,0,0,0,0,0,0,0.0,0.0,0.0
e9052e3b14e45f6c-000017,Seshat,P,0,111,6,0,0,0,0,0,0,0,0,0,0,0,0,0,0,0,0,0,0,0,0,0,0,0,0,0.0,0.0,0.0
e9052e3b14e45f6c-000018,Seshat,P,0,113,5,2,0,0,0,2,0,0,0,0,0,0,0,0,0,0,0,0,0,0,0,0,0,0,0,0.0,0.0,0.0
e9052e3b14e45f6c-000019,Seshat,P,0,114,11,1,0,0,0,1,0,0,0,0,0,0,0,0,0,0,0,0,0,0,0,0,0,1,0,0.0,0.88,0.0
e9052e3b14e45f6c-000020,Seshat,P,0,112,5,0,0,0,0,0,0,0,0,0,0,0,0,0,0,0,0,0,0,0,0,0,0,0,0,0.0,0.0,0.0
e9052e3b14e45f6c-000021,Seshat,S,0,125,6,3,0,0,0,1,2,0,0,0,0,0,0,0,0,0,0,0,0,0,0,0,0,0,0,0.0,0.0,0.0
e9052e3b14e45f6c-000022,Seshat,S,0,115,6,1,0,0,0,1,0,0,0,0,0,0,0,0,0,0,0,0,0,0,0,0,0,0,0,0.0,0.0,0.0
e9052e3b14e45f6c-000023,Seshat,S,0,112,10,0,0,0,0,0,0,0,0,0,0,0,0,0,0,0,0,0,0,0,0,0,0,0,0,0.0,0.0,0.0
e9052e3b14e45f6c-000024,Seshat,S,0,118,7,0,0,0,0,0,0,0,0,0,0,0,0,0,0,0,0,0,0,0,0,0,0,0,0,0.0,0.0,0.0
e9052e3b14e45f6c-000025,Seshat,S,0,117,6,1,0,1,0,0,1,0,0,0,0,0,0,0,1,0,0,0,0,0,0,0,0,0,0,0.0,0.0,0.0
